{"souls":921303.5625,"mines":[1665.552001953125,818.1017456054688,8092.5,48.0,39.0],"techtree":[0,5,1,2,56,35,21,15,1,1,6,3,1,1,3,1,5,1,2,2,1,2,1],"miningAbility":3,"ownedRunes":[{"buff":[0.0,0.0,0.0,0.0,0.0,0.0,0.0,9.0,0.0,0.0,0.0,0.0,0.0,0.0,0.0,0.0,0.0,0.0],"numEntries":1,"kind":1,"energy":22212.0,"level":2,"runeSpoilID":"rune2","equipped":2}],"runeEnergy":366398.8125,"timeFlask":0.0,"enemyShards":0.0}
